source,text,label
Twitter for Android,happy 1st anniversary sering sering traktir kuota,positif
Twitter for Android,beli kuota kapan,positif
Twitter for Android,techi waktu masih 17 tahun loh dia pikir mungkin dunia lebih baik internet banyak jadi bully,positif
Twitter for Android,indosat sinyal hari enggak jelek bulan depan enggak jadi ganti deh,positif
Twitter for Android,beli kartu by telkomsel lewat link biar pakai kode referral by aku terus dapat bonus enak kan,positif
Twitter for Android,kuota mau habis tiba notifikasi begini terimakasih nindy,positif
Twitter for Android,wah 1 tahun kita,positif
Twitter for Android,anak siapa,positif
Twitter for Android,baik asih kuota gratis monthiversary huhuh terimakasih byu,positif
Twitter for iPhone,beberapa relasi amp kolega jakarta pakai mari coba,positif
Twitter for iPhone,mau beli kuota di sini by sinyal jelek yowes pasrah deh moga wifi kosan ngehe,positif
Twitter for Android,halo temanteman bantu teman lulus yuk kriteria guna lama 3 bulan terus terus domisili,positif
Twitter for Android,mau raya anniversary nih,positif
Twitter for Android,kemarin kan beli kartu terus pilih 1mbps sama 2 danbl berapa begitu pokok beli 10kitu maksud bagaimana,positif
Twitter for iPhone,pakai by tapi paket miskin alias 5gb 15 ribu,positif
Twitter for Android,guys mau tanya yang pakai kartu itu ke rumah nya berapa hari,positif
Twitter for Android,sini adda pakai provider minta ulas dong bagus enggak,positif
Twitter for iPhone,halo admin saya pakai kuota 10gb per hari kok bisa unduh,positif
Twitter for iPhone,baru ecek sisa kuota telkomsel yang nyata sisa 10 giga 2 hari akhir oke 2 hari depa,positif
Twitter for iPhone,mau keluh soal kartu lagi sudah sering,positif
Twitter for Android,yuhu asa pakai sudah 9 bulan kado seperti kayak ibu lahir suka dapat kado,positif
Twitter for Android,dadah jaring leluhur jauh lebih baik,positif
Twitter for Android,kuota habis mau beli kok paket banyak semua apa 50gb cuma butuh 1gb biar ponsel nyala,positif
Twitter for Android,butuh sim card baru terus ingat by akhir beli kan eh lupa nik pakai 3 sim card,positif
Twitter for iPhone,seru gila gaul,positif
Twitter for Android,sumpah jatuh cinta sama uiux nya tolong sama designer nya,positif
Twitter for Android,halo mas tolong cek dm penting,positif
Twitter Web App,malas isi paket 2 kali akhir pekan panjang di rumah wifi tetiba yang 3 bulan haha terimakasih nindy,positif
Twitter for Android,lebih 1paketan murah 2 sosial media musik youtube googling lancar jaya aman sentosa kurang,positif
Twitter for Android,pernah pakai enggak itu bagaimana sistem paket yang pakai gb ada yang mbps pilih mana,positif
Twitter for Android,kalau paket habis ada asih kabar,positif
Twitter for iPhone,by yang unlimited cepat sih aku pakai telkomsel 50gb cepat habis padahal 30 hari,positif
Twitter for iPhone,coba hitung berapa kali bikin amuk hari,positif
Twitter for Android,pulsa benar bisa ubah apa,positif
Twitter for Android,wow akhir provider internet bebas kamu bikin paket internet semua mau pesan sim kartu,positif
Twitter for iPhone,promo kartu perdana 10 ribu 7gb bagi kuota malam kuota aplikasi info lengkap langsung cek,positif
Twitter for Android,terimakasih sayang sama,positif
Twitter for Android,yey anniversary 1th nih sama btw thankyouu bonus,positif
Twitter for iPhone,pengin daftar kartu boleh request ponsel nya sih,positif
Twitter for Android,wow sudah jadi certified anak nih ku kasih tambah 2gb join pakai link,positif
Twitter for Android,kaget dong bonus kuota byu baik emangg,positif
Twitter for iPhone,baik sih asih kuota gratis melulu,positif
Twitter for Android,haha tau deh aku habis kuota hikszrot,positif
Twitter Web App,terima kasih hadiah 1st anniversary nya paket untung akhir tahun bonus anniversary bikin makin betah ngas,positif
Twitter for Android,cara ubah kuota ajar jadi kuota internet,positif
Twitter for iPhone,mau beli kartu lagi kalau satu ktp 2 provider enggak,positif
Twitter for Android,alhamdulillah terimakasih sekali dipasih kuota gratis,positif
Twitter for iPhone,baik byu,positif
Twitter for iPhone,ikut yang pakap chip provider by kah mau tanya,positif
Twitter for Android,ini benerbener doh cinta benar,positif
Twitter for iPhone,wow akhir provider internet bebas kamu bikin paket internet semua mau pesan sim kartu,positif
Twitter for iPhone,admin masa aktif kuota berapa lama terimakasih,positif
Twitter for Android,day 130 coba 2mbps,positif
Twitter Web App,mifi e5577 kartu sim ting apn port lai lalu youtube,positif
Twitter for Android,asa satu tahun bareng,positif
Twitter for Android,proses seperti can pakai a sayang one month by getting nine women pregnant warren buffet banyak,positif
Twitter for Android,terkadang suka pikir sini justru aktivitas padat malah rasa lebih guna positif,positif
Twitter for Android,bisa mau beli paket byu terus bayar lalu shopee pay bagaimana sih cara yang tau,positif
Twitter for Android,guys sudah pakai bagaimana rasa mok minta dapat dong pengin ganti kesitu soal,positif
Twitter for iPhone,wow akhir provider internet bebas kamu bikin paket internet semua mau pesan sim kartu,positif
Twitter for Android,sila alih byu rasa ah mantap,positif
Twitter for Android,masalah blokir imei kominfo bisa diakalin pakai kartu solusi kominfo ningkatin teknologi p,positif
Twitter for iPhone,selamat natal tahun,positif
Twitter for iPhone,memang benar bagus apa kalau iya mau ganti whatsapp sekali,positif
Twitter for Android,heh kok gemas baik anniversary kuota gratis hihi cinta,positif
Twitter for Android,galama tahun,positif
Twitter for Android,knock knock ikut yang ndaa mau tanya dong hihi,positif
Twitter for Android,beb cek dm,positif
Twitter for Android,hope tahun akan dtng tahun 2021 semua happy lalu mau we all be given health by god cinta all,positif
Twitter for Android,cek dm dong manis,positif
Twitter for Android,untng sopipay masih saldo lumayan nambhin beli kuota pas byu bisa bayar pakai shopepay,positif
Twitter for Android,2 kali tweet balas kalau ini ada respon paksa ganti provider lah ira murah enggak mur,positif
Twitter for Android,enggak erti aku selalu impressed by guys inti terimakasih kamu sok banyak btstwt,positif
Twitter for Android,lagi libur begini pasti boross kuota mndng beli byu apa indosat shdjddsj,positif
Twitter for Android,mau urus mbankong mager beli pulsa nya entah aku pakai sudah comfort banding indosat xl kayak anjing,positif
Twitter for Android,sakit hati tadi habis beli kuota kartu pas cek nyata karti telkomsel ada promo,positif
Twitter for Android,pakai harus pakai sim kartu apa ya,positif
Twitter for Android,beli by 1 bulan 50gb dalem rumah sinyal susah anjing memang,positif
Twitter for Android,pas lagi irit kuota eh kuota gratis byu,positif
Twitter for Android,yuhu senang ada kode promo kayak begini lumayan nimbun pulsa byu btw pulsa di proses ban,positif
Twitter for Android,yang pakai provider,positif
Twitter for Android,kemarin iseng cari tau soal dan nyata beli kartu perdana kirim alamat langsung fitur pil,positif
Twitter for iPhone,siapa pakai,positif
Twitter for Android,kali yang pakai ini kode voucher maksud apa kode referal voucher kalau beli kuota,positif
Twitter for Android,wow akhir provider internet bebas kamu bikin paket internet semua mau pesan sim kartu,positif
Twitter for iPhone,lama jalan riding jakarta jogja ponsel internet selalu on terus memang di niatin mau coba kuat sin,positif
Twitter for Android,adik kak beli kartu by dong sekalin mau kirim biar sama sama ponselnya me dih saja mau beli sek,positif
Twitter for iPhone,selamat natal amp tahun,positif
Twitter for Android,yang pakai enggak layak enggak,positif
Twitter for Android,kak tanggal 29 desember ulang tahun dapat hadiah dari byu,positif
Twitter for Android,bingung mau beli paket yang 50 ribu yang unlimited,positif
Twitter for Android,tau mau bagaimana ya iniastaghfirullah bulan akhir isi kuota habis tak buang sim kartu mu hey,positif
Twitter for Android,tahun pakai enggak mau asih hadiah anniversary apa byu,positif
Twitter for iPhone,admin sekarang paket kuota kecepatanya limit ya jadi kayak paket unlimited maksimal 2mbps duh,positif
Twitter for Android,alhamdulillah kartu sudah padahal baru kemarin pesan hari sudah terimakasih semog,positif
Twitter for Android,wow paket miring 25gb cuma 50 ribu kalau dari dari sapa hueee,positif
Twitter for Android,keren ada promo paket internet murah gila parah otomatis cus pakai,positif
Twitter for Android,promo bikin gereget lumayan promo 25gb cuma 50 ribu,positif
Twitter for Android,enggak lihat sg gadgetin tinggal promo yang 25gb 50 ribu,positif
Twitter for Android,happy anniversary hihi tahun kita maciww hadiah,positif
Twitter for Android,enip cie 1 tahun byu,positif
Twitter for Android,apa pikir tanya paket internet apa murah deh langsung pikir ofc sih tolong ku dikal,positif
Twitter for Android,apa kalian pikir pas butuh paket banyak mode hemat aku byu dong ada 25 gb cuma 50 ribu edan beri,positif
Twitter for Android,wow memang selalu ajib nih enggak paket enggak murah yang enzyhilman,positif
Twitter for Android,bentar yang ramai byu nyata ramai gara-gara enzyhilman,positif
Twitter for Android,kalian my telkomsel tau beri enzyhilman punya iya paket murah,positif
Twitter for Android,mantap keluar paket baru pakai enzyhilman edan 25gb cuma 50 ribu murih paling suka ada begini terus kwkwkw,positif
Twitter for Android,berkah natal dapat kuota,positif
Twitter for Android,shopee pay ku habis beli printilan paket data by yang hari paket zaman,positif
Twitter for Android,happy satu tahun sama ku byu terimakasih buat rasa2 ku terus beli beli kuota meningka,positif
Twitter for Android,yeayyy terimakasih amp merry christmas,positif
Twitter for Android,ciyeee asa tahun loh bareng sama kamu wkwkek terimakasih byu kuota gratis per3 bulan selalu,positif
Twitter for Mac,lama yang ceve pulsa smatpren byu,positif
Twitter for Android,jadi anak,positif
Twitter for Android,nyata serius byu punya paket 25gb 50 ribu murah,positif
Twitter for Android,wow akhir provider internet bebas kamu bikin paket internet semua mau pesan sim kartu,positif
Twitter for iPhone,halo admin tolong cek mana terimakasih,positif
Twitter for Android,enak dong akhir tahun tani paket super murah byu bayang 25gb cuma 50 ribu doang,positif
Twitter for Android,umur berapa sadar byu kartu as,positif
Twitter for Android,langgan netflix kayak ke butuh yahterus beli kuota yang 50gb hidup sederhana ituliat jendela sama,positif
Twitter for Android,terimakasih 2020banyak ajar baru aku temu disanameet the baru orang who just henti by dan who remain until sekarang,positif
Twitter for Android,selamat natal tahun baru anak yang raya moga natal akhir tahun banyak keceriaa,positif
Twitter for Android,tumpang tanya memang kartu enggak pakai tonton netflix viu pinjam hati maaaff zonaba zonauang,positif
Twitter for Android,selamat tinggal sampai akhir tahun saja pakai nya pas tahun sama move on live on saja kecewa sama,positif
Twitter for Android,selamat raya natal ikut raya,positif
Twitter for Android,sudah pakai tahun kok dapat 1st anniversary,positif
Twitter for Android,cek cek dm kuys,positif
Twitter for Android,kintil memang kira apa eehh termyata iklan untung deh pakai 6 bulan lama pandemi,positif
Twitter for Android,asli tadi pagi panik ira cowok promo,positif
Twitter for Android,kemarin anniversary 3 bulan kuota tahun enggak lagi,positif
Twitter for Android,memang sekarang musuh sama s1mp4ti bulan lalu paket pakai melulu 25gb cuma 50 ribu walaupun,positif
Twitter Web App,ini enzyhilman ramai kemarin nyata promo yang bikin syock murah,positif
Twitter for Android,dari kemarin macet sinyal h kirim pesan bisa,positif
Twitter for Android,baru rasa pakai sudah 3 bulan rasa enak gila sinyal selalu on alias kenal sama nama,positif
Twitter for iPhone,kuota by kalau misal ada terus timpansama kuota barunah itutuh kuota belum bakal hilang sih,positif
Twitter for Android,mau ambil kartu mari,positif
Twitter for Android,harga kuota kayak naik,positif
Twitter for Android,iseng beli nyata xl punya model rupa terus lagi mpwr ayo perang harga biar bisa foyafoya,positif
Twitter Web App,apaka ganti,positif
Twitter for Android,beli kartu admin di registrasi punya kuota jadi enggak bisa login aplikasi bagaimana cara beli kuota nya byu,positif
Twitter for Android,tiap paket mau habis galau mau isi by apa telkomsel,positif
Twitter for Android,wow sudah jadi certified anak nih ku kasih tambah 2gb join pakai link,positif
Twitter for Android,kuota 25gb 50 ribu beli ya kalian pakai provider apa paket data,positif
Twitter for Android,paket ada tiap bulan pindah ke panjang otomatis sih,positif
Twitter for Android,habis pikir kok ya keluar paket super murah memang the baik erti untuk anak kost kayak,positif
Twitter for Android,dilema beli kuota by apa,positif
Twitter for Android,sangka ada paket murah paket byu 25gb bulan 50 ribu murah abisssss otw pindah provider begini mah,positif
Twitter for Android,the baik cuma 50 ribu tau lagi banyak keluar terimakasih kamu promonya,positif
Twitter for Android,mantap 25gb cuma 50 ribu kebeneran kuota habis hari enggak pakai pikir langsung beli ksksksks thankkks,positif
Twitter Web App,byu transfer pulsa sama sih,positif
Twitter for Android,sumpah murah 25gb cuma 50 ribu doang otw beli begitu,positif
Twitter for Android,sangka ada paket 25gb cuma 50 ribu doang jam sekarang memang paling erti untuk yang gila internetan,positif
Twitter for Android,kabar kudengar2 paket internet 25gb bulan 50 ribu nyata byu gila murah otw p,positif
Twitter for Android,paket komplit sudah pakai enzyhilman segala 25gb 50 ribu mau mana cuma yang asih,positif
Twitter for Android,bisa keluar oaket super murah habis pikir sama murah begini pindah provider byu memang paling oke,positif
Twitter for Android,nyata kabar bikin heboh karena paket internet byu oke cocok untuk,positif
Twitter for Android,mau asih tau guys provider ada paket 25gb cuma 50 ribu cuma unduh aplikasi nya terus pilih nomor pilih,positif
Twitter for Android,promo 25gb telattttt,positif
Twitter for Android,kata paket 25gb 50 ribu langsung trending lah kemarin triindonesia ada yang 32gb 60 ribu,positif
Twitter Web App,seru nih personality tes nya nyata intel sembunyi coba tes nya sini,positif
Twitter for iPhone,alhamdulillah by bagus,positif
Twitter for Android,yang pakai provider by enggak mau tanya tanya dong,positif
Twitter for Android,gila 15 gb 1 bulan habis,positif
Twitter Web App,xl memang paling topppp sampai beli paket byu karena jaring toppppp,positif
Twitter for Android,saran byu siapa tau bikin fitur transfer kuota teman panjang masa aktif kuota sayang bn,positif
Twitter for iPhone,kartu ku keri neng kosan fuk,positif
Twitter for Android,aww baik deh asih 25gb cuma 50 ribu doang cukup bulan bisa jadi lebih,positif
Twitter for iPhone,terimakasih tahun maaf tahun depan kayak hubung di tunda dulu beberapa tahun hihi,positif
Twitter for Android,nyata bikin heboh teman paketanannya yang baru enzyhilman asih 25gb cuma 50 ribu keren dong,positif
Twitter for Android,asli cuma 50 ribu 25gb pengin coba asli cuss langsung ganti provider pakai,positif
Twitter for Android,nyata yang bikin ramai keluarga kata keluar paket murah dan aku goda pakai,positif
Twitter for Android,keren byu keluar paket terbarunyaa bakal cukup nih 25gb 50 ribu bulan mirceu sekali,positif
Twitter for Android,sempat nih paketin enzyhilman yang super murah 25gb cuma 50 ribu,positif
Twitter for Android,kapan cuy beli paket murah 50 ribu 25gb cukup buat bulan internetan,positif
Twitter for Android,paket baru enzyhilman gila sih 25gb cuma 50 ribu siapa enggak ken pketan murah,positif
Twitter for Android,akhir tahun promo paket murah enzyhilman 50 ribu 25gb byu ah ay lop yuk,positif
Twitter for Android,pasti ganti provider byu kapan dapat promo murah dapat 25gb harga cuma 50 ribu,positif
Twitter for Android,keren byu kasih kado akhir tahun luncurin paket baru enzyhilman cuma 50 ribu 25gb,positif
Twitter for iPhone,guys pengin ganti provider jadi tapi enggak enggak ganti nomor,positif
Twitter for Android,gila sih 25gb cuma 50 ribu woy punya sih memang the bestt mau tinggal promo pokok cus beli,positif
Twitter for Android,kabar bahagiaa 25gb cuma 50ribuu banget beli mah,positif
Twitter for Android,25gb banyak dong hadirin enzyhilman nyata bro sist ada promo 25gb cuma 50,positif
Twitter for Android,syok dong hadirin enzyhilman begini keluar promo nya cuma 50 ribu dapat 25gb dong,positif
Twitter for Android,gila keren parah enzyhilman lagi ramai nyata lagi promo 25gb cuma 50 ribu,positif
Twitter for Android,dia enzyhilman lagi ramai guys jadi mau ganti provider dong lagi promo 25gb cuma 50,positif
Twitter for Android,untung pakai telor 25gb cuma 50 ribu doang,positif
Twitter for Android,salam mas pacar byu asih promo 25gb cuma 50 ribu enzyhilman,positif
Twitter for Android,ekspresi ketika dengar untung pakai telor 25gb cuma 50 ribu enzyhilman,positif
Twitter for Android,ekspresi ketika asih 25gb cuma 50 ribu doang enzyhilman,positif
Twitter for Android,makin suka sama yang asih promo 25gb cuma 50 ribu untuk,positif
Twitter for iPhone,big terimakasih for yang kasih promo kuota 25gb cuma 50 ribu lumayan tonton konser akhir tahun enzyhilman,positif
Twitter for Android,omo paket 25gb cuma 50 ribu gila enzyhilman,positif
Twitter for iPhone,loooo he kuaget pol kok murah byu fixx mah otw beli mana cuma hari pula promonya,positif
Twitter for iPhone,bikin heboh apa nih gila 50 ribu kuota 25gb lmyan cuy tonton konser big hit family akhir,positif
Twitter for iPhone,alamakkk toh lagi viral hari ya memang oke sih sudah bikin paket cocok meong ada,positif
Twitter for Android,gila hari begini masa 25gb cuma 50 ribu kan gila nih byu,positif
Twitter for Android,malas sama beli kuota kasih promo eh sinyal promo promoan ngasihnya,positif
Twitter for Android,kejut heran heran masa 25gb cuma 50rbaku kan bisa mundur enggak beli paket enggak sesal pokoknyaenzyhilman,positif
Twitter for iPhone,bro malam natal sudah mau ganti tahun lo habis kuota update suasana natal tahun baru usah,positif
Twitter for Android,paham aku bagaimana mau ganti deh rasa sama karena paket enzyhilman,positif
Twitter for Android,keren bodoh keluar paket enzyhilman masa murah 25gb cuma 50 ribu parah,positif
Twitter for Android,untung ibu baru transfer uang jadi bisa beli paket byu 25gb cuma 50rbga sesal pokok enzyhilman,positif
Twitter for Android,eh gila parah baru tau ada provider murah nya nampol begini massa 25gb cuma 50 ribu aaakkk otw gantiii pakai,positif
Twitter for Android,sering ada kaya begini dong aku langsung beli 25gb cuma 50 ribu enzyhilman,positif
Twitter for Android,langsung lapor mama pas tau kuota yang harga cuma 50 ribu 25gb terus langsung beli sa,positif
Twitter for Android,serius cuma hari byu mau langsung beli nihlumayan cuma 50 ribu kuota 25gb enzyhilman,positif
Twitter for Android,sumpaaa akhir tahun byu asih promi byu,positif
Twitter for Android,pengin pakai ini jadi cuma 50 ribu 25 gb anjir,positif
Twitter for Android,ada promo kayak begini terus gihh biar bisa irit beli paket haha murah mah 25 gb harga 50 rbu ayo adakan terus,positif
Twitter for Android,mantap langsung beli adik biar ganggu terusmantab kan 25gb cuma 50rbthank kamu deh enzyhilman,positif
Twitter Web App,ramai enzyhilman kata ada promo otomatis cuss beli,positif
Twitter for Android,gila murah helppp,positif
Twitter for Android,50 ribu kuota 25gblah biasa beli 100 ribu lebih kan lumayan sisa beli bobaemang paling mantap lah enzyhilman,positif
Twitter for Android,serius nih paket data 25gb cuma 50 ribu byu murah enggak enzyhilman,positif
Twitter for Android,murah sekali paket bolehh tinggal enzyhilman byu 25 gb cuma 50 rbu,positif
Twitter for Android,enak akhir tahun promo byu,positif
Twitter for Android,sempat bakal beli ini mah murah sekali 50 rbu 25 gb di,positif
Twitter for Android,gila enggak sangka lagi promo khusus hari otw beli jangan tinggal enzyhilman,positif
Twitter for Android,dong sering bikin promo ginianaku kan jadi enakhahaha enzyhilman,positif
Twitter for Android,dengar dengar lagi keluar paket promo 25gb cuma 50 ribu mantap buat ngebucin,positif
Twitter for Android,wadaw mantap byu 25gb cuma 50 ribu skskksk kapan dapat promo murah begini uwuw,positif
Twitter for Android,beli paket apa beli bakso masak cuma 50 rbu 25 gb gila haha mantap kali,positif
Twitter for Android,mantap promo cumann 50 ribu 25gb,positif
Twitter for Android,mantap betolll akhir tahun promo byu 25gb cuma 50 ribu,positif
Twitter for Android,wagelaseh 25 ribu 50gb ajib byu makin cinte,positif
Twitter for Android,25gb bulan uadah lebih cukup mana cuma 50 ribu woii enzyhilman,positif
Twitter for Android,akhir bulan dompet tipis eh promo byu mana murah skskskks bagaimana senang,positif
Twitter for Android,paket baru dari pakai enzyhilman 25gb cuma 50 ribu sikat pakai lama,positif
Twitter for Android,keren sih akhir tahun begini 25gb cuma 50 ribu doang parah enzyhilman,positif
Twitter for Android,anjir gila serius promonya gin mantap cocok kalau daring begini pakai promo cuma 50 ribu 25gb,positif
Twitter for Android,yakin harga 50 rbu 25 gb otomatis beli lah murah riah ini serbu byu,positif
Twitter for Android,bentar bentar enzyhilman lagi ramai promo 25gb 50 ribu edan pisannn,positif
Twitter for Android,anjir gila serius promonya gin mantap cocok kalau daring begini pakai promo cuma 50 ribu 25gb,positif
Twitter for Android,pas enggak akhir bulan iya kan keluar promo paket murah cuy langsung beli lah begini mah enzyhilman,positif
Twitter for Android,pantas ramai promonya yang enzyhilman memang promo besarbesaran wehhhh,positif
Twitter for Android,mantab sekali aku coba beli nihayo atuh kalian juga25gb bulan loh cuma 50 ribu enzyhilman,positif
Twitter for Android,gila kali promo byu langsung gas beli mah murah pakai,positif
Twitter for Android,mantap byu keluar paket baru nya murah gakira2 25gb cuma 50 ribu begitu pakai enzyhilman segala wkwkk syokkk,positif
Twitter for Android,heran kok kok sih keluar promo murah banget pasti ganti provider bikin oleng guaenzyhilman,positif
Twitter for Android,kok sih paket murah kamu 25gb cuma 50 ribu,positif
Twitter for iPhone,otw pakai helm hari ganti provider,positif
Twitter for Android,paham sama bisa bisa keluar promo 25gb cuma 50 ribu,positif
Twitter for Android,ohhh ya lagi ramai enzyhilman nyata lagi keluar promo paket 25gb cuma 50 ribu ceunah gaslahh beli,positif
Twitter for Android,kok bisa byu keluar paket murah benar ah otw ganti provider ini mah,positif
Twitter for Android,coba kalian pikir byu keluar paket baru pakai enzyhilman segala keren enggak sih 25gb cuma 50 ribu b,positif
Twitter for Android,promonya yang 25gb 50 ribu cuma sehat loh iya kali beli,positif
Twitter for Android,enggak dahulu keluar promo murah kan lumayan haha irit uang jajan,positif
Twitter for iPhone,hoki sih sudah murah cepat cepat ganti provider enzyhilman,positif
Twitter for Android,oalah jadi toh enzyhilman ramai kemarin nyata promo haha lagi lagi nikin gempar murah cuuuy,positif
Twitter for Android,akhir tahun promo byu rasa ah mantap huhu masa 25gb cuma 50 ribu,positif
Twitter for iPhone,intip gosip gosip teman benar byu keluar paket murah bisa irit 25gb 50rebuuuu,positif
Twitter for iPhone,dichat suami kata lagi paket spesial untung pakai telor enzyhilman kayak nasigoreng ajatapi kok mantap,positif
Twitter for Android,enzyhilman ramai kemarin nyata promo yang bikin syok murah riah loh,positif
Twitter for Android,akhir temu 25gb bisa jadi butuh kuota bulan oh my god terimakasih kamu enzyhilman low bugdet kan,positif
Twitter for Android,otomatis beli satu keluarga biar pada minta hotspot paket habisini bulan pasti cukup enzyhilman,positif
Twitter for Android,kapan dapat promo akhir tahun byu murah banget begini,positif
Twitter for Android,astaga murah pakai masak cuma 50 rbu 25 gb gila andal mah,positif
Twitter for iPhone,gila murah parah buruburu keluar motor beli paket byu promo hari ini,positif
Twitter for Android,pantas heboh orang asih promo edan sekali alias murah woilah,positif
Twitter for Android,otomatis beli mah kapan akhir tahun promo paket internet 25gb cuma 50 ribu byu enzyhilman,positif
Twitter for iPhone,salah pakai telkomshit byu jeblok sini jeblok semua,positif
Twitter for Android,25gb woybisa bulan mana cuma 50 ribu enzyhilman,positif
Twitter for Android,kalau asih promo memang edan sekali masa 50 ribu dapat 25gb,positif
Twitter for Android,wah asli gila murah riah sekali otw beli mumpung promo kayak begini,positif
Twitter for Android,gila 25gb just 50 ribu dong mangtap sekali promonya byu,positif
Twitter for Android,ayo gas cuma hari saja nihpaket 25gb 50 ribu mantap kali memang enzyhilman,positif
Twitter for Android,promonya murah gila sabisanya 25gb cuma 50 ribu skskskk menang,positif
Twitter for Android,apa woi murah sih a otw beli sekarang soal cuma hari iniiii,positif
Twitter for Android,djiwa anak kosan ku lihat promony byu langsung beli dong lumayan hemat tanggal tua cuy,positif
Twitter for Android,kasih tau kali semua keluar promo yang hari sempat emas kalian coba kapan,positif
Twitter for Android,syok sama promonya yang 25gb 50 ribu alias woilah murah betollll,positif
Twitter for Android,wah paket baru dari pakai enzyhilman 25gb cuma 50 ribu kapan ada kayak begini,positif
Twitter for Android,kok ya paket 25gb cuma 50 ribu nih benar benar asih promo,positif
Twitter for Android,tau sih aku kuota dunlut drama korea eh ada promo dong wey aaaaa jadi makin sayang ehe,positif
Twitter for Android,asli keren nih keluar paket baru nya terus enzyhilman nya segala lagi parah 25gb cuma 50 ribu kan kapan ya,positif
Twitter for Android,ira nipu tau memang benar 25gb cuma 50 ribu pantas heboh byu enzyhilman,positif
Twitter for Android,apa enzyhilman promo yang bikin syok murah,positif
Twitter for Android,promonya murah betoll heee 25gb cuma 50 ribu anjir iya kali beli,positif
Twitter for Android,serius kok ya keluar kuota murah masa 25gb cuma 50 ribu mantap itu enzyhilman,positif
Twitter for Android,awww syukaa pas kuota habis terus promo untung pakai telor 25gb cuma 50 ribu hihiwww lucky me gtlt terimakasih,positif
Twitter for Android,untung lagi pegang duit coba nggakmampus aku tinggal paket murah enzyhilman,positif
Twitter for Android,memang main main asih promo kapan ada paket 25gb 50 ribu,positif
Twitter for Android,gilss untung stalking ada promo otomatis gasss beli dong weh,positif
Twitter for Android,oalah erti jadi memang byu spesial keluar promo yang hari sempat emas haha,positif
Twitter for Android,pasti jadi ragu ganti provider byu gila murah masa 25gb 50 ribu enzyhilman,positif
Twitter for Android,toh enzyhilman lagi ramai yaiyalah nyata promo yang bikin syokk harga murceee,positif
Twitter for Android,heh anjir paket baru murah benar skskksksksk 50 ribu doang 25gb,positif
Twitter for Android,gila penasaran gaul,positif
Twitter for Android,gila promonya edan sekali sabisanya 25gb cuma 50 ribu,positif
Twitter for iPhone,woiwoiiiii kalian tau paket baru yang 25gb nya cuma 50 ribu mantap itu nama paket,positif
Twitter for Android,fixx gila habis otomatis kayak memang paling oke byu keluar paket murcehh anak kosan,positif
Twitter for Android,tau sih enzyhilman punya yang paket murah huhu masa 25gb cuma 50 ribu,positif
Twitter for iPhone,mantap habis keluar paket baru hari banget nama paket untung pakai telorr masa 25gb cuma,positif
Twitter for Android,mantap akhir tahun begini spesial kasih paket untung pakai telor 25gb cuma 50 ribu enzyhilman,positif
Twitter for iPhone,woii mantap byu paket baru untung pakai telor 25gb cuma 50 ribu mantap enggak limited loh cuma,positif
Twitter for Android,pantas heboh orang promonya murah hee masa 25gb cuma 50 ribu,positif
Twitter for Android,hualaa promonya cuma hari doang sayang hikddd moga bulan depan lagi pleaseeee,positif
Twitter for Android,tinggal 50 ribu 25gb anjir,positif
Twitter for Android,lihat ada promo otomatis minta duet ibu dong lumayan buat kulon huhu,positif
Twitter for Android,teman saran ganti provider cuy nyata murah promonya hari lagi otw beli cussss,positif
Twitter for Android,prank enzet kata dua huhu kesal deh enggak tau apa kalau enzyhilman milik sama,positif
Twitter for Android,wadidauuuuu murah heh 25gb 50 ribu dong,positif
Twitter for Android,paket baru 25gb cuma 50 ribu anjir murah,positif
Twitter for Android,untung buka twitter enggak tinggal promo untung pakai telor nya byu alias 25gb 50 ribu weii,positif
Twitter for Android,bagaimana ramai promonya memang miring,positif
Twitter for Android,serius byuidgila 25gb cuma 50rbgue langsung mau beli soal pas enggak paket haha enzyhilman,positif
Twitter for Android,kalian tau sih guys akhir tahun begini ada promo internet murah begeteee loh cuma 50 ribu 25gbmanteb ah enzyhilman,positif
Twitter for Android,kaget dong ada promo 25gb cuma 50 ribu otomatis otw beli pokok,positif
Twitter for Android,gila kok sih keluar promo murah sudah otw ganti provider mah,positif
Twitter for Android,ramai benar sama promonya skskskksks memang murah sih,positif
Twitter for Android,gila paket baru 25gb cuma 50 ribu wehh apa menang skskksksksk,positif
Twitter for Android,aneh kok sih keluar kuota murah masa 25gb harga cuma 50 ribu keren enggak,positif
Twitter for Android,anjir serius 25gb cuma 50 ribu murah betollll he,positif
Twitter Web App,sudah duga belum by akan bikin heboh nyata bukti enzyhilman,positif
Twitter for Android,25gb cuma 50 ribu byu benar sih coba mah enzyhilman,positif
Twitter for Android,tau info byu keluar paket murah riah langsung ganti provider ah lumayan pandemi begini hemat untung enzyhilman,positif
Twitter for Android,hemat wow 50 ribu dapat 25gb bayang bagaimana irit enzyhilman,positif
Twitter for Android,jadi sempat heboh semua orang ramai ngebicarain paket murah jadi enzyhilman keren ya byu,positif
Twitter for Android,wow sudah jadi certified anak nih ku kasih tambah 2gb join pakai link,positif
Twitter Web App,benar keluar promo 25gb cuma 50 ribu enzyhilman gildak,positif
Twitter for Android,anywyaku jatuh cinta sama kalau promo main cuma hari banget provider keren keluar,positif
Twitter for Android,wow sudah jadi certified anak nih ku kasih tambah 2gb join pakai link,positif
Twitter for Android,pasti jadi ragu ganti provider byu gila murah masa 25gb 50 ribu enzyhilman,positif
Twitter for Android,khilaf sama promo akhir tahun byu masa 25gb 50 ribu my god enzyhilman,positif
Twitter for Android,benar enzyhilman byu mantap dong 25 gb cuma 50 ribu,positif
Twitter for Android,eehh benar dong 50 ribu dapat 25gb astaga mantap,positif
Twitter for Android,ampun bakal keluar paket baru 25gb harga 50 ribu kalap tonton drama korea 247 wak,positif
Twitter for Android,apa byu bakal paket 25gb harga 50 ribu doang,positif
Twitter for Android,oiya btw stand by me lirik kayak bahas langit2 kan dulu pas akun watar pegang aku ada b,positif
Twitter for Android,biasa pakai kuota 6gb bulan di kantor rumah pakai wifi sekarang di rumah wifi hancur jadi b,positif
Twitter Web App,20 ribu pasti beli kuota,positif
Twitter for Android,prank enzet kata dua huhu kesal deh enggak tau apa kalau enzyhilman milik ber,positif
Twitter for Android,mau tanya dong pulsa by bisa ubah,positif
Twitter for Android,nahkannnn enzyhilman cuma promo nih suka bikin kaget huhu,positif
Twitter for Android,anjir enzyhilman cuma promo tapi murah heee promonya,positif
Twitter for Android,promonya enzyhilman 25gb 50 ribu mantap,positif
Twitter for Android,enzyhilman cuma promo by weh nyata,positif
Twitter for Android,mantap byu nge prank nya enzyhilman cuma promo nyata,positif
Twitter for Android,kok ya keluar kuota murah masa 25gb cuma 50 ribu harga mantap kan enzyhilman,positif
Twitter for Android,ira enzyhilman benar an dong tau iklan huhu,positif
Twitter for Android,wah hampir tipu sama iklan ira enzet dua tau promo kuota murah dong 25gb cuma 50 ribu enzyhilman,positif
Twitter for Android,mantap byu 25gb cuma 50 ribu skskskksksks enzyhilman,positif
Twitter for Android,allahu enzyhilman nyata cuma iklan ira benar an,positif
Twitter for Android,yeu tipu sama iklan enzyhilman mah ira layar tau promo byu haha lah,positif
Twitter for Android,paket yang 25gb 50 ribu cuma hari doang loh ayo buru beli kapan dapat murah skskksksksksk,positif
Twitter for Android,kapan ya kan diprank sama iklan promo enzyhilman haha mantap memang,positif
Twitter for Android,keren nih iklan s3 marketing nya mantap cuy lumayan 25gb cuma 50 ribu doang enzyhilman,positif
Twitter for Android,nahkannn enzyhilman promo byu untung tidak gocek,positif
Twitter for Android,bisabisa nya by ngeprank gin ira benar enzyhilman lumayan loh guys 25gb cuma 50 ribu yuk,positif
Twitter for Android,my god ngepranknya ah mantap enzyhilman,positif
Twitter for Android,patah hati eh tau diprank enzyhilman lah memang suka bikin kaget,positif
Twitter for Android,kaget ira benar dua enzyhilman huft semua hanya prank byu nyata,positif
Twitter for Android,siapa ira enzyhilman benar an ngepranknya ah mantap,positif
Twitter for Android,iklan agak kaget enzyhilman layar plissss cuma promo,positif
Twitter for Android,tolong jangan suka bikin orang kaget ira enzyhilman sedang layar,positif
Twitter for Android,diprank haha enzyhilman promoin paket 25gb 50 ribu nyata,positif
Twitter for Android,kaget sama enzyhilman tau promo byu akak,positif
Twitter for Android,iklan enzyhilman bagus benar promonya murah weh,positif
Twitter for iPhone,pengin ganti cuma nomor tri sudah 910 tahun digit cuma 11 wey sayang,positif
Twitter for iPhone,jajal pakai mumpung paket untung akhir tahun cukup murah,positif
Twitter Web App,oke by kamu senjata baru ku,positif
Twitter Web App,saat move on mau coba provider telkomsel kali mantap,positif
Twitter for Android,kacauuu mending mana xl im3 unlimited,positif
Twitter Web App,kartu ku kapan kuota sekarat,positif
Twitter for iPhone,wow akhir provider internet bebas kamu bikin paket internet semua mau pesan sim kartu,positif
Twitter for iPhone,wow akhir provider internet bebas kamu bikin paket internet semua mau pesan sim kartu,positif
Twitter for Android,belakang mulai turun perfomanya siap siap pindah haluan provider,positif
Twitter for Android,seru nih personality tes nya nyata intel sembunyi coba tes nya sini,positif
Twitter for Android,stres sama lelet indihome ponsel beli kuota jadi mumpung 25gb haha,positif
Twitter for Android,saking akeh nya promo kuota nya sampai biasa ndelok promo nya,positif
Twitter Web App,yay akhir jump on the bandwagon megganti nomor jadi pakai haha,positif
Twitter for Android,terimakasih banyak promo untung biar makin cinta,positif
Twitter for Android,50 ribu 25gb terimakasih byu,positif
Twitter for Android,enggak asih diskon orang beli kuota trms,positif
Twitter for Android,promo memang tarik kuota kemendikbud lebih tarik,positif
Twitter Web App,fak lah aku mes kartu,positif
Twitter for Android,haha aneh asli just sayang hate jm go tahun lalu bangtan nyanyi lagu o holy night acara akhir tahun wkw,positif
Twitter for Android,mau topping yang 10 ribu 10gb lgiiiii,positif
Twitter for Android,akhir cinta darat aman event goyuuforbulolgojo terimakasih goyuunation eventnya seman,positif
Twitter for Android,gila sering kasih promo2 mana sering gratis kuota cinta garis kerasss,positif
Twitter Web App,seru nih personality tes nya nyata intel sembunyi coba tes nya sini,positif
Twitter Web App,jangan lah bicara kadang orang tak sangka sudi mau support apa jual cos bebbbb bukan xnak,positif
Twitter for Android,beli pulsa by di indomart terus bengong sedikit pas mbak tanya atas nama hanum abiera haha nyata daftar pakai nama oc ku,positif
Twitter for Android,terimakasih nindy sayang,positif
Twitter Web App,seru nih personality tes nya nyata intel sembunyi coba tes nya sini,positif
Twitter for Android,ketemu guys sama spesial aplikasi hari kalau coba cek dulu sana punya kuota,positif
Twitter for Android,anjir lagi promo 25gb 50 ribu,positif
Twitter for Android,pakai ayo dierbu lumayan,positif
Twitter for Android,pakai enggak 2 mbps cepetnggak mending beli yang 2 mbps bulan 100rb50gb bulan 140 ribu,positif
Twitter for Android,25gb 50 ribu 30 hari mantap,positif
Twitter for Android,wah 3 bulan ya nindy,positif
Twitter for Android,admin cek dm dong tadi beli kuota masuk,positif
Twitter for Android,buat selalu promo2 tarik,positif
Twitter Web App,daftar pakai kartu keluarga cmon bagaimana bisa jadi drug dealer,positif
Twitter Web App,happy anniversary nindy sayang,positif
Twitter for iPhone,testimoni pakai sim card dong,positif
Twitter for Android,salah beli paket by kkakakakakka kudune ulih 25gb jadi 10gb,positif
Twitter for Android,demen sama sering promo,positif
Twitter for Android,halo kalau mau cek masa aktif kartu bagaimana,positif
Twitter for Android,yang pakai mau tanya tanya,positif
Twitter for Android,wah harus menang gara-gara sinyal bikin ngegame asyik sebal mana harga paket murah 10 ribu,positif
Twitter for Android,terimakasih akhir promo saat tepat,positif
Twitter for Android,wow sudah jadi certified anak nih ku kasih tambah 2gb join pakai link byu,positif
Twitter for Android,kalau asih promo main main anjir cinta,positif
Twitter for Android,niat asih certified anak byu kaget sudah ngabisi 2 juta cuma paket,positif
Twitter for Android,seru nih personality tes nya nyata intel sembunyi coba tes nya sini,positif
Twitter Web App,baru ditelp nomor 6281262628739 ditanyain siapa malah tanya balik siapa kok lupa sama suara nom,positif
Twitter for Android,beli kartu mana ada tau,positif
Twitter for Android,hadiah monthiversary tiga bulan byu makaci,positif
Twitter for Android,bngst byu racun promonya,positif
Twitter for Android,duh mantap benar asih kuota bikin dompet tipis 50 ribu 25gb terimakasih nindy,positif
Twitter for Android,hhmm giur punya enggak mau beli hari doang 25gb 50 ribu nah enggak pulsa b,positif
Twitter for Android,alhamdulillah erti lantai rasa 50gb terlalu banyak yakin habis bulan eh rilis 25gb 50 ribu otomatis,positif
Twitter for Android,cinta enzyhilman idola provider ku,positif
Twitter for Android,wow sudah jadi certified anak nih ku kasih tambah 2gb join pakai link,positif
Twitter for iPhone,by bagus bagaimana cara beli,positif
Twitter for Android,yang pakai,positif
Twitter for Android,ah jadi sekarang anniversary dapat gratis kuota ya,positif
Twitter for Android,mungkin sekarang ada butuh serah your game by the way your rules itu all untuk whatever sekarang,positif
Twitter Web App,minggu lalu promo mpwr indosat 25 gb rp49900 hari ada promo telkomsel 25 gb 50 ribu,positif
Twitter for Android,ih asyik provider bisa atur kuota sendiri mau berapa lama aktif,positif
Twitter for Android,anak twitter wow aku sudah jadi certified anak byu nih ku kasih tambah 2gb join b,positif
Twitter Web App,sumpah hoki byu promo pas orang butuh kuota,positif
Twitter for Android,kata pergijauh mending sesal beli sesal beli kayak beli enggak bakal sesal terimakasih,positif
Twitter for Android,order di indomart langsung ambil pascadibayar mesti tunggu proses dulu tolong info,positif
Twitter for Android,cuma bulan jadi anak kamu tau lah,positif
Twitter for Android,yang 50gb ada kapan,positif
Twitter for Android,wow sudah jadi certified anak nih ku kasih tambah 2gb join pakai link,positif
Twitter for Android,sih untung 25gb 50 ribu 30 hari,positif
Twitter for Android,cinta bbgttttttttt 25gb 50 ribu,positif
Twitter for Android,padahal kemarin ada promo 100 ribu 50gb sekarang 25gb 50 ribu sama sih jadi trx 2 kali kan rumit,positif
Twitter for Android,wow akhir provider internet bebas kamu bikin paket internet semua mau pesan sim kartu,positif
Twitter for iPhone,pas beli kartu hari hhhhh,positif
Twitter for Android,yuk pakai dapat kuota 25gb cuma 50 ribu sini masih dapat tambah kuota 2gb klik sini,positif
Twitter for Android,hlo kasih tau kalau promo paket kuota jangan pas besok keburu daftar kuota terus tiba promo kan,positif
Twitter for Android,beli paket 15 gb jam 10 malam nyata spesial 25 gb jam 0000 terimakasih kejut faaaaaaaaaaaaaaaq,positif
Twitter for Android,jam 2325 50 ribu 15gb30hari jam 0001 50 ribu 25gb30hari kalau asih promo jangan dada dong,positif
Twitter for iPhone,bagus sih,positif
Twitter for Android,coba mau beli paket spesial nya kalau enggak aku molor,positif
Twitter for Android,admin maksud apa coba kok 50 gb nya ada kata 31 desember kok tiba ada kan mau,positif
Twitter for iPhone,mantap kali,positif
Twitter for Android,wow sudah jadi certified anak nih ku kasih tambah 2gb join pakai link,positif
Twitter for Android,bagaimana cara pakai kartu,positif
Twitter for Android,25gb 50 ribu baru muncul dua hari lalu beli 15gb 50 ribu,positif
Twitter for Android,promo nya telatttttt aku beliii kemarin,positif
Twitter for Android,yang pakai by enak,positif
Twitter for Android,admin cek dm byu,positif
Twitter for Android,yuhuuuu bentar tahun jadi anak wow sudah jadi certified anak nih ku kasih tambah 2gb kal,positif
Twitter for Android,tuh kan by sudah pakai gopar sama enzy haha ah tau ah capek,positif
Twitter for Android,anak cek wow sudah jadi certified anak nih ku kasih tambah 2gb join pakai link,positif
Twitter for Android,natal kira promi ya,positif
Twitter for iPhone,untuk telpon usaha selucky langsung interview ya by ponsel sesuai kualifikasi t,positif
Twitter for iPhone,pakai operator tapi ingin tobewithu,positif
Twitter for Android,promonateh mun tau keur orang geus meuli paket paket orang loba keneh aya promo ai gilir geus beak normal,positif
Twitter for Android,wow sudah jadi certified anak nih ku kasih tambah 2gb join pakai link,positif
Twitter for Android,besok anniversary pertama sama,positif
Twitter for Android,sejak awal pakai memang pernah kecewa jaring stabil bahkan jalan poros jaring provider,positif
Twitter for Android,cusss anak pasang alarm,positif
Twitter for Android,yang spesial pakai telor bukan nasi goreng apa ayo besok siapsiap pantau aplikasi kamu enggak,positif
Twitter for Android,halo cek dm biar mesra,positif
Twitter for Android,sial memang byu laku bayar belum masuk nih,positif
Twitter Web App,boros kuota kalau pakai unlimitednya,positif
Twitter for Android,di teel di mantap isi semua miris,positif
Twitter for Android,2mbps ada guna akhir masa laku semua nya sama byu padahal 1 minggu masa paket habis,positif
Twitter for iPhone,lama pakai linkaja tau rejeki sana isi pulsa xl 25k plus 20 ribu cuma habis 15 ribu haha xl cashba,positif
Twitter Web App,seru nih personality tes nya nyata intel sembunyi coba tes nya sini byu,positif
Twitter for Android,sangka sudah habis gin pas pertama kali pakai wow sudah jadi certified anak nih ku kas,positif
Twitter for iPhone,halo mau tanya kartu aktif lama 30 hari lalu mau aktif apa,positif
Twitter for Android,apa arti tanpa unlimited,positif
Twitter for Android,wow sudah jadi certified anak nih ku kasih tambah 2gb join pakai link,positif
Twitter for iPhone,seru nih personality tes nya nyata creator kawak coba tes nya sini,positif
Twitter for iPhone,hari telat 22 menit pakai masker kn95 pakai masker sensi duckbill hasil rapid tinggal untung,positif
Twitter for Android,wow sudah jadi certified anak nih ku kasih tambah 2gb join pakai link,positif
Twitter for Android,mau dm anjeemm bisa lupa,positif
Twitter for Android,wow sudah jadi certified anak nih ku kasih tambah 2gb join pakai link byu,positif
Twitter for Android,admin ini topping bisa pakai enggak kuota utama,positif
Twitter for Android,yang pakai provider,positif
Twitter Web App,badai internet cepat dunia,positif
Twitter for Android,wow sudah jadi certified anak nih ku kasih tambah 2gb join pakai link,positif
Twitter for Android,nindy cek dm nindy,positif
Twitter for Android,sesal ganti kartu byu anjir mah lelet sering error,positif
Twitter for Android,wow sudah jadi certified anak nih ku kasih tambah 2gb join pakai link,positif
Twitter for Android,nomor ku balik2 padahal pulsa ada 100 ribu bosan ngechat nindy jawab ituitu,positif
Twitter Web App,seru nih personality tes nya nyata intel sembunyi coba tes nya sini,positif
Twitter for Android,wow sudah jadi certified anak nih ku kasih tambah 2gb join pakai link,positif
Twitter for Android,pikir ganti byu perlu kuota internet ponsel oke ya yang pakai,positif
Twitter for Android,wow sudah jadi certified anak nih ku kasih tambah 2gb join pakai link,positif
Twitter for iPhone,wow akhir provider internet bebas kamu bikin paket internet semua mau pesan sim kartu,positif
Twitter for iPhone,wow akhir provider internet bebas kamu bikin paket internet semua mau pesan sim kartu,positif
Twitter for Android,pernah beli kartu cara bayar pakai apa shopee pay,positif
Twitter for Android,wadaww hampir tahun pakai sudah habis gin nyata banyak ya,positif
Twitter for iPhone,sayang sama lt3,positif
Twitter Web App,asyik byu monthiversary kasih kuota gratis byu pakai a mah mending bye,positif
Twitter for iPhone,omel sendiri kan akhir lagi pakai cerita libur suruh stand by tau malezz,positif
Twitter for Android,kartu yang dua umur baru 142 hari sadar habis gin,positif
Twitter for Android,gratis kuota melulu byu baik benar,positif
Twitter for Android,buang semua malu kamu punya malu,positif
Twitter for Android,wow sudah jadi certified anak nih ku kasih tambah 2gb join pakai link,positif
Twitter for Android,thread bikin kamar aesthetic ala inap mahal siapa yang suka mantengin thread kayak begini btw byu dis,positif
Twitter for Android,asa 6 bulan pakai dan tiap 3 bulan ingat moniversary kuota 15 gb terimakasih a lot loh,positif
Twitter for Android,promo kuota bikin aman jaya apa admin asa kartu ku enggak pernah promoannya,positif
Twitter for Android,certified anak ada tambah 2gb kamu join pakai link,positif
Twitter for Android,pakai awal agustus sih lebih pakai teman wow sudah jadi certified anak nih ku kas,positif
Twitter for Android,wow sudah jadi certified anak nih ku kasih tambah 2gb join pakai link,positif
Twitter for Android,wow sudah jadi certified anak nih ku kasih tambah 2gb join pakai link,positif
Twitter for Android,wow sudah jadi certified anak nih ku kasih tambah 2gb join pakai link,positif
Twitter for Android,bisa kamu aku nyaman lama 2 bulan byu aku orang suka ajar terima kasih nem,positif
Twitter for Android,wow akhir provider internet bebas kamu bikin paket internet semua mau pesan sim kartu,positif
Twitter for Android,wow sudah jadi certified anak nih ku kasih tambah 2gb join pakai link,positif
Twitter for Android,terimakasih banyak promo nin 2021,positif
Twitter for Android,jangan tanya libur gapai nguli all the way musim tanam bongkar jagung bongkar gabah bongkar beras tambah pakai hujan,positif
Twitter for Android,patah semangat yang lagi serah sama hidup mau listen the song spirits by the strumbellas tahun,positif
Twitter for Android,admin boleh info skema tarif telpon pakai,positif
Twitter for Android,yuk pakai lumayan tambah 2gb pakai linkku,positif
Twitter for Android,sangka nyata lama 2 bulan pakai provider habis 60gb padahal kira lebih ini terimakasih,positif
Twitter for Android,anak banget wow sudah jadi certified anak nih ku kasih tambah 2gb join pakai link,positif
Twitter for Android,otw 500gb bjie btw kuota tambah 2gb join pakai link,positif
Twitter for Android,guna tapi selalu beri iklan xl,positif
Twitter for Android,wow sudah jadi certified anak nih ku kasih tambah 2gb join pakai link,positif
Twitter for Android,wow sudah jadi certified anak nih ku kasih tambah 2gb join pakai link,positif
Twitter for Android,yang inject hitung lebih 1tb,positif
Twitter for Android,asli enak benar,positif
Twitter for iPhone,mau ganti karena simpati makin mahal makin hancur kok ganti kartu,positif
Twitter for iPhone,yang pernah langgan disney byu belonn dapat akun cuma kuota doangnyaa bingung soal desk,positif
Twitter Web App,jadi banyak orang ingin fitur edit tweet dengan ingin fitur unsend dm salah,positif
Twitter for iPhone,bisa satu kata pokok sayang sama salah satu karyawan alias pacar sendiri hehe sudah bikin segera,positif
Twitter Web App,syukur tahun ketemu got7 guys really me alot this year terimakasih jadi diri sendiri matter,positif
Twitter for Android,wow sudah jadi certified anak nih ku kasih tambah 2gb join pakai link,positif
Twitter for Android,wow sudah jadi certified anak nih ku kasih tambah 2gb join pakai link,positif
Twitter for iPhone,tttapi enak duh bingung njg,positif
Twitter for iPhone,100 ribu 50gb apa telkomsel 100 ribu 25gb unlimited bingung ah,positif
Twitter Web App,wow sudah jadi certified anak nih ku kasih tambah 2gb join pakai link,positif
Twitter for Android,wow sudah jadi certified anak nih ku kasih tambah 2gb join pakai link,positif
Twitter for Android,mau cari paket data mantap by dan telkomsel,positif
Twitter for Android,salah fokus sama 0851 haha ira mama bayu pakai kartu haha,positif
Twitter for Android,wow sudah jadi certified anak nih ku kasih tambah 2gb join pakai link,positif
Twitter for Android,wow sudah jadi certified anak nih ku kasih tambah 2gb join pakai link,positif
Twitter for Android,buka ponsel cek by pikir begini monmaap siapa tetiba kirim pulsa 10 ribu,positif
Twitter for Android,seru nih personality tes nya nyata rajaratu endorse coba tes nya sini,positif
Twitter Web App,kalian yang pakai kartu enggak,positif
Twitter for Android,seru nih personality tes nya nyata intel sembunyi coba tes nya sini,positif
Twitter for Android,kuota 10gb hari siap tani streaming ramune hihi,positif
Twitter for Android,bu risma benar jadi mensos sesuai duga orang banyak,positif
Twitter for iPad,seru nih personality tes nya nyata intel sembunyi coba tes nya sini,positif
Twitter for Android,wifi indehoy hari masalah terus anjing akhir beli paket unlimited tuju ben youtuban lancar eh,positif
Twitter Web App,seru nih personality tes nya nyata intel sembunyi coba tes nya sini,positif
Twitter for iPhone,yang pakai by mau tanya dong,positif
Twitter Web App,seru nih personality tes nya nyata intel sembunyi coba tes nya sini,positif
Twitter Web App,seru nih personality tes nya nyata manusia kepiting coba tes nya sini,positif
Twitter for Android,seru nih personality tes nya nyata rajaratu endorse coba tes nya sini,positif
Twitter for Android,seru nih personality tes nya nyata rajaratu endorse coba tes nya sini,positif
Twitter for Android,kalian pakai by beli kuota mana,positif
Twitter for Android,mana byu,positif
Twitter for Android,seru nih personality tes nya nyata intel sembunyi coba tes nya sini,positif
Twitter Web App,seru nih personality tes nya nyata intel sembunyi coba tes nya sini,positif
Twitter Web App,seru nih personality tes nya nyata rajaratu endorse coba tes nya sini cc,positif
Twitter for Android,wow akhir provider internet bebas kamu bikin paket internet semua mau pesan sim kartu,positif
Twitter for Android,yang pakai enggak,positif
Twitter for iPhone,baik admin terima kasih,positif
Twitter for Android,nama libur harus punya duit lah masa niat libur ujungujungnya ngemis kerja negeri orang,positif
Twitter for Android,terimakasih shopeepay isi pulsa telkomsel 150rb bayar 75 ribu isi pulsa 100 ribu bayar 50 ribu cashback koin shopee uuuuuuu,positif
Twitter for Android,balas dm ku dong,positif
Twitter for Android,cinta sama dapat kuota gratis terus,positif
Twitter for Android,titip kali ada tarik pakai by,positif
Twitter for Android,semua ucap selamat hari ibu aku tau ibu enggak mau kalau batas ucap doang bagaimana dong mending diam,positif
Twitter for iPhone,fck aku pindah haluan,positif
Twitter for Android,bisa loh di aplikasi padahal mau beli kuota bagaimana admin,positif
Twitter Web App,cara pasang wifi sendiri unlimited by lewat youtube,positif
Twitter for Android,enggak murah kayak tselisat nder mending beli langsung pakai dana,positif
Twitter for Mac,lama butuh pulsa 1ook berapa dana,positif
Twitter for Android,paling keren jaman reebyu betul,positif
Twitter for Android,bagaimana lacak kirim nomor yang kirim beli posisi mana,positif
Twitter for Android,enak unlimited nya telkomsel by hhhh,positif
Twitter for iPhone,tahun lalu beli nomor nomor cuma pakai tethering internet dan beli pulsadata selalu pakai,positif
Twitter for Android,by pilih nomor nyata bucin level masuk tanggal ulang tahun bisa,positif
Twitter for Android,mohon cek dm nya admin hatur terimakasih,positif
Twitter for iPhone,mah puyeng2 cari kartu yang hilang eh pakai dong sama gilang riandi tandain kamu gilang rian,positif
Twitter for Android,yang pakai enggak bingung tiba kuota amp topping banyak,positif
Twitter for Android,pacar ku sekarang,positif
Twitter for Android,cara pasang bagaimana guys ajar boros kuota kalau beli voucher melulu,positif
Twitter for Android,penasaran sama self management dua physically cara mental pasti support system selalu stand by his,positif
Twitter for Android,perkahwinan ikhlas cinta masa sendiri pulang manusia sendiriramai dunia anak,positif
Twitter for Android,halo pelihara sistem boleh tau jam berapa mau beli paket byu,positif
Twitter Web App,tanggal 25 palembang mes kartu by besok kira tanggal 24lama enggak kira cong kirim,positif
Twitter for Android,jual paket unlimited niat nya mau beda cepat cepat nya sama lol,positif
Twitter for Android,2 mbps kesal sinyal,positif
Twitter for Android,baik done bayar paket malahnilang duit,positif
Twitter for iPhone,xl lelet dari pagi hidup segan mati tak mau,positif
Twitter Web App,terimakasih moga anniversary kuota makin gede hehe tahan jaring,positif
Twitter for Android,umum penting semua sayang nindy malam ada upgrade sistem aman aplikasi mu,positif
